Online Delivery,Count,Percentage,Average Rating
No,7100,74.33776567898649,2.465295774647887
Yes,2451,25.662234321013504,3.2488372093023252
